addr,bytes_hex,mnemonic,operands,section_name
00401000,81EC20010000,SUB,ESP,.text
00401006,53,PUSH,EBX,.text
00401007,55,PUSH,EBP,.text
00401008,56,PUSH,ESI,.text
00401009,57,PUSH,EDI,.text
0040100a,E86E060000,CALL,0x0040167d,.text
0040100f,6A01,PUSH,0x1,.text
00401011,33DB,XOR,EBX,.text
00401013,85C0,TEST,EAX,.text
00401015,5E,POP,ESI,.text
00401016,7433,JZ,0x0040104b,.text
00401018,56,PUSH,ESI,.text
00401019,E814090000,CALL,0x00401932,.text
0040101e,59,POP,ECX,.text
0040101f,53,PUSH,EBX,.text
00401020,53,PUSH,EBX,.text
00401021,53,PUSH,EBX,.text
00401022,FF1538204000,CALL,dword ptr [0x00402038],.text
00401028,50,PUSH,EAX,.text
00401029,FF15C0204000,CALL,dword ptr [0x004020c0],.text
0040102f,85C0,TEST,EAX,.text
00401031,750A,JNZ,0x0040103d,.text
00401033,6A64,PUSH,0x64,.text
00401035,FF153C204000,CALL,dword ptr [0x0040203c],.text
0040103b,EBDB,JMP,0x00401018,.text
0040103d,53,PUSH,EBX,.text
0040103e,53,PUSH,EBX,.text
0040103f,8D442418,LEA,EAX,.text
00401043,53,PUSH,EBX,.text
00401044,50,PUSH,EAX,.text
00401045,FF15BC204000,CALL,dword ptr [0x004020bc],.text
0040104b,E82D060000,CALL,0x0040167d,.text
00401050,85C0,TEST,EAX,.text
00401052,741F,JZ,0x00401073,.text
00401054,BF68394000,MOV,EDI,.text
00401059,56,PUSH,ESI,.text
0040105a,57,PUSH,EDI,.text
0040105b,FF1500204000,CALL,dword ptr [0x00402000],.text
00401061,53,PUSH,EBX,.text
00401062,53,PUSH,EBX,.text
00401063,56,PUSH,ESI,.text
00401064,57,PUSH,EDI,.text
00401065,FF1514204000,CALL,dword ptr [0x00402014],.text
0040106b,893D5C394000,MOV,dword ptr [0x0040395c],.text
00401071,EB06,JMP,0x00401079,.text
00401073,891D5C394000,MOV,dword ptr [0x0040395c],.text
00401079,6A64,PUSH,0x64,.text
0040107b,C705583940000C000000,MOV,dword ptr [0x00403958],.text
00401085,893560394000,MOV,dword ptr [0x00403960],.text
0040108b,E8A2080000,CALL,0x00401932,.text
00401090,BE20304000,MOV,ESI,.text
00401095,56,PUSH,ESI,.text
00401096,E8BB050000,CALL,0x00401656,.text
0040109b,56,PUSH,ESI,.text
0040109c,E88B080000,CALL,0x0040192c,.text
004010a1,50,PUSH,EAX,.text
004010a2,BB54384000,MOV,EBX,.text
004010a7,56,PUSH,ESI,.text
004010a8,53,PUSH,EBX,.text
004010a9,E878080000,CALL,0x00401926,.text
004010ae,BF04010000,MOV,EDI,.text
004010b3,57,PUSH,EDI,.text
004010b4,53,PUSH,EBX,.text
004010b5,E8F1050000,CALL,0x004016ab,.text
004010ba,BE68304000,MOV,ESI,.text
004010bf,56,PUSH,ESI,.text
004010c0,E891050000,CALL,0x00401656,.text
004010c5,56,PUSH,ESI,.text
004010c6,E861080000,CALL,0x0040192c,.text
004010cb,50,PUSH,EAX,.text
004010cc,56,PUSH,ESI,.text
004010cd,BE803A4000,MOV,ESI,.text
004010d2,56,PUSH,ESI,.text
004010d3,E84E080000,CALL,0x00401926,.text
004010d8,57,PUSH,EDI,.text
004010d9,56,PUSH,ESI,.text
004010da,E8CC050000,CALL,0x004016ab,.text
004010df,BEA0304000,MOV,ESI,.text
004010e4,56,PUSH,ESI,.text
004010e5,E86C050000,CALL,0x00401656,.text
004010ea,83C440,ADD,ESP,.text
004010ed,BD7C394000,MOV,EBP,.text
004010f2,56,PUSH,ESI,.text
004010f3,BEFC314000,MOV,ESI,.text
004010f8,53,PUSH,EBX,.text
004010f9,56,PUSH,ESI,.text
004010fa,55,PUSH,EBP,.text
004010fb,E820080000,CALL,0x00401920,.text
00401100,57,PUSH,EDI,.text
00401101,55,PUSH,EBP,.text
00401102,E8A4050000,CALL,0x004016ab,.text
00401107,BDF4304000,MOV,EBP,.text
0040110c,55,PUSH,EBP,.text
0040110d,E844050000,CALL,0x00401656,.text
00401112,55,PUSH,EBP,.text
00401113,E814080000,CALL,0x0040192c,.text
00401118,50,PUSH,EAX,.text
00401119,55,PUSH,EBP,.text
0040111a,BD48354000,MOV,EBP,.text
0040111f,55,PUSH,EBP,.text
00401120,E801080000,CALL,0x00401926,.text
00401125,57,PUSH,EDI,.text
00401126,55,PUSH,EBP,.text
00401127,E87F050000,CALL,0x004016ab,.text
0040112c,68A0304000,PUSH,0x4030a0,.text
00401131,55,PUSH,EBP,.text
00401132,56,PUSH,ESI,.text
00401133,6840334000,PUSH,0x403340,.text
00401138,E8E3070000,CALL,0x00401920,.text
0040113d,83C444,ADD,ESP,.text
00401140,BF48304000,MOV,EDI,.text
00401145,57,PUSH,EDI,.text
00401146,E80B050000,CALL,0x00401656,.text
0040114b,57,PUSH,EDI,.text
0040114c,53,PUSH,EBX,.text
0040114d,8D442438,LEA,EAX,.text
00401151,56,PUSH,ESI,.text
00401152,50,PUSH,EAX,.text
00401153,E8C8070000,CALL,0x00401920,.text
00401158,6824314000,PUSH,0x403124,.text
0040115d,E8F4040000,CALL,0x00401656,.text
00401162,683C314000,PUSH,0x40313c,.text
00401167,E8EA040000,CALL,0x00401656,.text
0040116c,6854314000,PUSH,0x403154,.text
00401171,E8E0040000,CALL,0x00401656,.text
00401176,686C314000,PUSH,0x40316c,.text
0040117b,E8D6040000,CALL,0x00401656,.text
00401180,6884314000,PUSH,0x403184,.text
00401185,E8CC040000,CALL,0x00401656,.text
0040118a,689C314000,PUSH,0x40319c,.text
0040118f,E8C2040000,CALL,0x00401656,.text
00401194,68B4314000,PUSH,0x4031b4,.text
00401199,E8B8040000,CALL,0x00401656,.text
0040119e,68CC314000,PUSH,0x4031cc,.text
004011a3,E8AE040000,CALL,0x00401656,.text
004011a8,68E4314000,PUSH,0x4031e4,.text
004011ad,E8A4040000,CALL,0x00401656,.text
004011b2,E82E000000,CALL,0x004011e5,.text
004011b7,57,PUSH,EDI,.text
004011b8,68803A4000,PUSH,0x403a80,.text
004011bd,8D44246C,LEA,EAX,.text
004011c1,56,PUSH,ESI,.text
004011c2,50,PUSH,EAX,.text
004011c3,E858070000,CALL,0x00401920,.text
004011c8,83C448,ADD,ESP,.text
004011cb,8D44242C,LEA,EAX,.text
004011cf,50,PUSH,EAX,.text
004011d0,E8A7020000,CALL,0x0040147c,.text
004011d5,59,POP,ECX,.text
004011d6,5F,POP,EDI,.text
004011d7,5E,POP,ESI,.text
004011d8,5D,POP,EBP,.text
004011d9,33C0,XOR,EAX,.text
004011db,5B,POP,EBX,.text
004011dc,81C420010000,ADD,ESP,.text
004011e2,C21000,RET,0x10,.text
004011e5,55,PUSH,EBP,.text
004011e6,8BEC,MOV,EBP,.text
004011e8,81EC24070000,SUB,ESP,.text
004011ee,66A160324000,MOV,AX,.text
004011f4,53,PUSH,EBX,.text
004011f5,56,PUSH,ESI,.text
004011f6,BEAC304000,MOV,ESI,.text
004011fb,57,PUSH,EDI,.text
004011fc,56,PUSH,ESI,.text
004011fd,668945F6,MOV,word ptr [EBP + -0xa],.text
00401201,E850040000,CALL,0x00401656,.text
00401206,59,POP,ECX,.text
00401207,8D45EC,LEA,EAX,.text
0040120a,50,PUSH,EAX,.text
0040120b,8D45F8,LEA,EAX,.text
0040120e,33FF,XOR,EDI,.text
00401210,50,PUSH,EAX,.text
00401211,57,PUSH,EDI,.text
00401212,683F000F00,PUSH,0xf003f,.text
00401217,57,PUSH,EDI,.text
00401218,57,PUSH,EDI,.text
00401219,57,PUSH,EDI,.text
0040121a,56,PUSH,ESI,.text
0040121b,6801000080,PUSH,0x80000001,.text
00401220,FF1510204000,CALL,dword ptr [0x00402010],.text
00401226,BE04010000,MOV,ESI,.text
0040122b,BB4C364000,MOV,EBX,.text
00401230,56,PUSH,ESI,.text
00401231,57,PUSH,EDI,.text
00401232,53,PUSH,EBX,.text
00401233,E818070000,CALL,0x00401950,.text
00401238,83C40C,ADD,ESP,.text
0040123b,8975F0,MOV,dword ptr [EBP + -0x10],.text
0040123e,897DFC,MOV,dword ptr [EBP + -0x4],.text
00401241,8D45F0,LEA,EAX,.text
00401244,50,PUSH,EAX,.text
00401245,8D45E8,LEA,EAX,.text
00401248,53,PUSH,EBX,.text
00401249,50,PUSH,EAX,.text
0040124a,57,PUSH,EDI,.text
0040124b,6858324000,PUSH,0x403258,.text
00401250,FF75F8,PUSH,dword ptr [EBP + -0x8],.text
00401253,FF150C204000,CALL,dword ptr [0x0040200c],.text
00401259,3BC7,CMP,EAX,.text
0040125b,7411,JZ,0x0040126e,.text
0040125d,FF45FC,INC,dword ptr [EBP + -0x4],.text
00401260,837DFC0A,CMP,dword ptr [EBP + -0x4],.text
00401264,7CDB,JL,0x00401241,.text
00401266,3BC7,CMP,EAX,.text
00401268,0F85B1010000,JNZ,0x0040141f,.text
0040126e,53,PUSH,EBX,.text
0040126f,BF44344000,MOV,EDI,.text
00401274,6854324000,PUSH,0x403254,.text
00401279,57,PUSH,EDI,.text
0040127a,E8A1060000,CALL,0x00401920,.text
0040127f,56,PUSH,ESI,.text
00401280,57,PUSH,EDI,.text
00401281,E825040000,CALL,0x004016ab,.text
00401286,68803A4000,PUSH,0x403a80,.text
0040128b,E825030000,CALL,0x004015b5,.text
00401290,6848304000,PUSH,0x403048,.text
00401295,BEFC314000,MOV,ESI,.text
0040129a,6854384000,PUSH,0x403854,.text
0040129f,8D85E0FDFFFF,LEA,EAX,.text
004012a5,56,PUSH,ESI,.text
004012a6,50,PUSH,EAX,.text
004012a7,E874060000,CALL,0x00401920,.text
004012ac,6848304000,PUSH,0x403048,.text
004012b1,68803A4000,PUSH,0x403a80,.text
004012b6,8D85DCFCFFFF,LEA,EAX,.text
004012bc,56,PUSH,ESI,.text
004012bd,50,PUSH,EAX,.text
004012be,E85D060000,CALL,0x00401920,.text
004012c3,83C438,ADD,ESP,.text
004012c6,8D85DCFCFFFF,LEA,EAX,.text
004012cc,6A01,PUSH,0x1,.text
004012ce,50,PUSH,EAX,.text
004012cf,8D85E0FDFFFF,LEA,EAX,.text
004012d5,50,PUSH,EAX,.text
004012d6,FF1530204000,CALL,dword ptr [0x00402030],.text
004012dc,85C0,TEST,EAX,.text
004012de,0F84EC000000,JZ,0x004013d0,.text
004012e4,53,PUSH,EBX,.text
004012e5,6868304000,PUSH,0x403068,.text
004012ea,E85B060000,CALL,0x0040194a,.text
004012ef,59,POP,ECX,.text
004012f0,85C0,TEST,EAX,.text
004012f2,59,POP,ECX,.text
004012f3,0F84EF000000,JZ,0x004013e8,.text
004012f9,6840334000,PUSH,0x403340,.text
004012fe,FF15B4204000,CALL,dword ptr [0x004020b4],.text
00401304,85C0,TEST,EAX,.text
00401306,7412,JZ,0x0040131a,.text
00401308,6A00,PUSH,0x0,.text
0040130a,687C394000,PUSH,0x40397c,.text
0040130f,6840334000,PUSH,0x403340,.text
00401314,FF1534204000,CALL,dword ptr [0x00402034],.text
0040131a,687C394000,PUSH,0x40397c,.text
0040131f,FF15B4204000,CALL,dword ptr [0x004020b4],.text
00401325,85C0,TEST,EAX,.text
00401327,753D,JNZ,0x00401366,.text
00401329,6850324000,PUSH,0x403250,.text
0040132e,687C394000,PUSH,0x40397c,.text
00401333,E80C060000,CALL,0x00401944,.text
00401338,59,POP,ECX,.text
00401339,8945FC,MOV,dword ptr [EBP + -0x4],.text
0040133c,85C0,TEST,EAX,.text
0040133e,59,POP,ECX,.text
0040133f,7425,JZ,0x00401366,.text
00401341,53,PUSH,EBX,.text
00401342,E880010000,CALL,0x004014c7,.text
00401347,59,POP,ECX,.text
00401348,FF75FC,PUSH,dword ptr [EBP + -0x4],.text
0040134b,53,PUSH,EBX,.text
0040134c,E8DB050000,CALL,0x0040192c,.text
00401351,59,POP,ECX,.text
00401352,50,PUSH,EAX,.text
00401353,6A01,PUSH,0x1,.text
00401355,53,PUSH,EBX,.text
00401356,E8E3050000,CALL,0x0040193e,.text
0040135b,FF75FC,PUSH,dword ptr [EBP + -0x4],.text
0040135e,E8D5050000,CALL,0x00401938,.text
00401363,83C414,ADD,ESP,.text
00401366,BB68304000,MOV,EBX,.text
0040136b,53,PUSH,EBX,.text
0040136c,E8BB050000,CALL,0x0040192c,.text
00401371,59,POP,ECX,.text
00401372,50,PUSH,EAX,.text
00401373,53,PUSH,EBX,.text
00401374,6A02,PUSH,0x2,.text
00401376,6A00,PUSH,0x0,.text
00401378,6858324000,PUSH,0x403258,.text
0040137d,FF75F8,PUSH,dword ptr [EBP + -0x8],.text
00401380,FF1508204000,CALL,dword ptr [0x00402008],.text
00401386,85C0,TEST,EAX,.text
00401388,7546,JNZ,0x004013d0,.text
0040138a,FF75F8,PUSH,dword ptr [EBP + -0x8],.text
0040138d,FF1504204000,CALL,dword ptr [0x00402004],.text
00401393,8D45F6,LEA,EAX,.text
00401396,50,PUSH,EAX,.text
00401397,6854384000,PUSH,0x403854,.text
0040139c,8D85DCF8FFFF,LEA,EAX,.text
004013a2,56,PUSH,ESI,.text
004013a3,50,PUSH,EAX,.text
004013a4,E877050000,CALL,0x00401920,.text
004013a9,8D85DCF8FFFF,LEA,EAX,.text
004013af,6850324000,PUSH,0x403250,.text
004013b4,50,PUSH,EAX,.text
004013b5,E88A050000,CALL,0x00401944,.text
004013ba,83C418,ADD,ESP,.text
004013bd,85C0,TEST,EAX,.text
004013bf,7407,JZ,0x004013c8,.text
004013c1,50,PUSH,EAX,.text
004013c2,E871050000,CALL,0x00401938,.text
004013c7,59,POP,ECX,.text
004013c8,6A01,PUSH,0x1,.text
004013ca,58,POP,EAX,.text
004013cb,E9A7000000,JMP,0x00401477,.text
004013d0,6848304000,PUSH,0x403048,.text
004013d5,57,PUSH,EDI,.text
004013d6,8D85E4FEFFFF,LEA,EAX,.text
004013dc,56,PUSH,ESI,.text
004013dd,50,PUSH,EAX,.text
004013de,E83D050000,CALL,0x00401920,.text
004013e3,83C410,ADD,ESP,.text
004013e6,EB68,JMP,0x00401450,.text
004013e8,8D45F6,LEA,EAX,.text
004013eb,50,PUSH,EAX,.text
004013ec,6854384000,PUSH,0x403854,.text
004013f1,8D85DCF8FFFF,LEA,EAX,.text
004013f7,56,PUSH,ESI,.text
004013f8,50,PUSH,EAX,.text
004013f9,E822050000,CALL,0x00401920,.text
004013fe,8D85DCF8FFFF,LEA,EAX,.text
00401404,6850324000,PUSH,0x403250,.text
00401409,50,PUSH,EAX,.text
0040140a,E835050000,CALL,0x00401944,.text
0040140f,83C418,ADD,ESP,.text
00401412,85C0,TEST,EAX,.text
00401414,7450,JZ,0x00401466,.text
00401416,50,PUSH,EAX,.text
00401417,E81C050000,CALL,0x00401938,.text
0040141c,59,POP,ECX,.text
0040141d,EB47,JMP,0x00401466,.text
0040141f,BF44344000,MOV,EDI,.text
00401424,6804324000,PUSH,0x403204,.text
00401429,57,PUSH,EDI,.text
0040142a,E8F1040000,CALL,0x00401920,.text
0040142f,56,PUSH,ESI,.text
00401430,57,PUSH,EDI,.text
00401431,E875020000,CALL,0x004016ab,.text
00401436,6848304000,PUSH,0x403048,.text
0040143b,57,PUSH,EDI,.text
0040143c,8D85E4FEFFFF,LEA,EAX,.text
00401442,68FC314000,PUSH,0x4031fc,.text
00401447,50,PUSH,EAX,.text
00401448,E8D3040000,CALL,0x00401920,.text
0040144d,83C420,ADD,ESP,.text
00401450,8D85E4FEFFFF,LEA,EAX,.text
00401456,6A01,PUSH,0x1,.text
00401458,50,PUSH,EAX,.text
00401459,8D85E0FDFFFF,LEA,EAX,.text
0040145f,50,PUSH,EAX,.text
00401460,FF1530204000,CALL,dword ptr [0x00402030],.text
00401466,837DF800,CMP,dword ptr [EBP + -0x8],.text
0040146a,7409,JZ,0x00401475,.text
0040146c,FF75F8,PUSH,dword ptr [EBP + -0x8],.text
0040146f,FF1504204000,CALL,dword ptr [0x00402004],.text
00401475,33C0,XOR,EAX,.text
00401477,5F,POP,EDI,.text
00401478,5E,POP,ESI,.text
00401479,5B,POP,EBX,.text
0040147a,C9,LEAVE,<UNSUPPORTED>,.text
0040147b,C3,RET,<UNSUPPORTED>,.text
0040147c,55,PUSH,EBP,.text
0040147d,8BEC,MOV,EBP,.text
0040147f,83EC54,SUB,ESP,.text
00401482,56,PUSH,ESI,.text
00401483,6A44,PUSH,0x44,.text
00401485,58,POP,EAX,.text
00401486,33F6,XOR,ESI,.text
00401488,8945AC,MOV,dword ptr [EBP + -0x54],.text
0040148b,50,PUSH,EAX,.text
0040148c,8D45AC,LEA,EAX,.text
0040148f,56,PUSH,ESI,.text
00401490,50,PUSH,EAX,.text
00401491,E8BA040000,CALL,0x00401950,.text
00401496,83C40C,ADD,ESP,.text
00401499,8D45F0,LEA,EAX,.text
0040149c,C745D881000000,MOV,dword ptr [EBP + -0x28],.text
004014a3,66C745DC0500,MOV,word ptr [EBP + -0x24],.text
004014a9,50,PUSH,EAX,.text
004014aa,8D45AC,LEA,EAX,.text
004014ad,50,PUSH,EAX,.text
004014ae,56,PUSH,ESI,.text
004014af,56,PUSH,ESI,.text
004014b0,6A20,PUSH,0x20,.text
004014b2,56,PUSH,ESI,.text
004014b3,56,PUSH,ESI,.text
004014b4,56,PUSH,ESI,.text
004014b5,FF7508,PUSH,dword ptr [EBP + 0x8],.text
004014b8,56,PUSH,ESI,.text
004014b9,FF152C204000,CALL,dword ptr [0x0040202c],.text
004014bf,F7D8,NEG,EAX,.text
004014c1,1BC0,SBB,EAX,.text
004014c3,5E,POP,ESI,.text
004014c4,40,INC,EAX,.text
004014c5,C9,LEAVE,<UNSUPPORTED>,.text
004014c6,C3,RET,<UNSUPPORTED>,.text
004014c7,56,PUSH,ESI,.text
004014c8,8B742408,MOV,ESI,.text
004014cc,57,PUSH,EDI,.text
004014cd,56,PUSH,ESI,.text
004014ce,E859040000,CALL,0x0040192c,.text
004014d3,59,POP,ECX,.text
004014d4,8BF8,MOV,EDI,.text
004014d6,33C9,XOR,ECX,.text
004014d8,85FF,TEST,EDI,.text
004014da,0F8ED0000000,JLE,0x004015b0,.text
004014e0,53,PUSH,EBX,.text
004014e1,32DB,XOR,BL,.text
004014e3,B880000000,MOV,EAX,.text
004014e8,83F810,CMP,EAX,.text
004014eb,7F6A,JG,0x00401557,.text
004014ed,7458,JZ,0x00401547,.text
004014ef,8BD0,MOV,EDX,.text
004014f1,4A,DEC,EDX,.text
004014f2,7443,JZ,0x00401537,.text
004014f4,4A,DEC,EDX,.text
004014f5,7430,JZ,0x00401527,.text
004014f7,4A,DEC,EDX,.text
004014f8,4A,DEC,EDX,.text
004014f9,741C,JZ,0x00401517,.text
004014fb,83EA04,SUB,EDX,.text
004014fe,0F8592000000,JNZ,0x00401596,.text
00401504,F6043108,TEST,byte ptr [ECX + ESI*0x1],.text
00401508,7408,JZ,0x00401512,.text
0040150a,80CB08,OR,BL,.text
0040150d,E984000000,JMP,0x00401596,.text
00401512,80E3F7,AND,BL,.text
00401515,EB7F,JMP,0x00401596,.text
00401517,F6043104,TEST,byte ptr [ECX + ESI*0x1],.text
0040151b,7405,JZ,0x00401522,.text
0040151d,80CB04,OR,BL,.text
00401520,EB74,JMP,0x00401596,.text
00401522,80E3FB,AND,BL,.text
00401525,EB6F,JMP,0x00401596,.text
00401527,F6043102,TEST,byte ptr [ECX + ESI*0x1],.text
0040152b,7405,JZ,0x00401532,.text
0040152d,80CB10,OR,BL,.text
00401530,EB64,JMP,0x00401596,.text
00401532,80E3EF,AND,BL,.text
00401535,EB5F,JMP,0x00401596,.text
00401537,F6043101,TEST,byte ptr [ECX + ESI*0x1],.text
0040153b,7405,JZ,0x00401542,.text
0040153d,80CB01,OR,BL,.text
00401540,EB54,JMP,0x00401596,.text
00401542,80E3FE,AND,BL,.text
00401545,EB4F,JMP,0x00401596,.text
00401547,F6043110,TEST,byte ptr [ECX + ESI*0x1],.text
0040154b,7405,JZ,0x00401552,.text
0040154d,80CB02,OR,BL,.text
00401550,EB44,JMP,0x00401596,.text
00401552,80E3FD,AND,BL,.text
00401555,EB3F,JMP,0x00401596,.text
00401557,8BD0,MOV,EDX,.text
00401559,83EA20,SUB,EDX,.text
0040155c,742A,JZ,0x00401588,.text
0040155e,83EA20,SUB,EDX,.text
00401561,7415,JZ,0x00401578,.text
00401563,83EA40,SUB,EDX,.text
00401566,752E,JNZ,0x00401596,.text
00401568,F6043180,TEST,byte ptr [ECX + ESI*0x1],.text
0040156c,7405,JZ,0x00401573,.text
0040156e,80CB80,OR,BL,.text
00401571,EB23,JMP,0x00401596,.text
00401573,80E37F,AND,BL,.text
00401576,EB1E,JMP,0x00401596,.text
00401578,F6043140,TEST,byte ptr [ECX + ESI*0x1],.text
0040157c,7405,JZ,0x00401583,.text
0040157e,80CB20,OR,BL,.text
00401581,EB13,JMP,0x00401596,.text
00401583,80E3DF,AND,BL,.text
00401586,EB0E,JMP,0x00401596,.text
00401588,F6043120,TEST,byte ptr [ECX + ESI*0x1],.text
0040158c,7405,JZ,0x00401593,.text
0040158e,80CB40,OR,BL,.text
00401591,EB03,JMP,0x00401596,.text
00401593,80E3BF,AND,BL,.text
00401596,99,CDQ,<UNSUPPORTED>,.text
00401597,2BC2,SUB,EAX,.text
00401599,D1F8,SAR,EAX,.text
0040159b,85C0,TEST,EAX,.text
0040159d,0F8F45FFFFFF,JG,0x004014e8,.text
004015a3,881C31,MOV,byte ptr [ECX + ESI*0x1],.text
004015a6,41,INC,ECX,.text
004015a7,3BCF,CMP,ECX,.text
004015a9,0F8C32FFFFFF,JL,0x004014e1,.text
004015af,5B,POP,EBX,.text
004015b0,5F,POP,EDI,.text
004015b1,33C0,XOR,EAX,.text
004015b3,5E,POP,ESI,.text
004015b4,C3,RET,<UNSUPPORTED>,.text
004015b5,55,PUSH,EBP,.text
004015b6,8BEC,MOV,EBP,.text
004015b8,81EC08010000,SUB,ESP,.text
004015be,8B4508,MOV,EAX,.text
004015c1,53,PUSH,EBX,.text
004015c2,8D8DF8FEFFFF,LEA,ECX,.text
004015c8,33DB,XOR,EBX,.text
004015ca,56,PUSH,ESI,.text
004015cb,2BC1,SUB,EAX,.text
004015cd,57,PUSH,EDI,.text
004015ce,8B3DB4204000,MOV,EDI,.text
004015d4,8945FC,MOV,dword ptr [EBP + -0x4],.text
004015d7,FF7508,PUSH,dword ptr [EBP + 0x8],.text
004015da,E84D030000,CALL,0x0040192c,.text
004015df,3BD8,CMP,EBX,.text
004015e1,59,POP,ECX,.text
004015e2,734F,JNC,0x00401633,.text
004015e4,8B45FC,MOV,EAX,.text
004015e7,8DB41DF8FEFFFF,LEA,ESI,.text
004015ee,803C305C,CMP,byte ptr [EAX + ESI*0x1],.text
004015f2,7536,JNZ,0x0040162a,.text
004015f4,83FB02,CMP,EBX,.text
004015f7,7431,JZ,0x0040162a,.text
004015f9,53,PUSH,EBX,.text
004015fa,8D85F8FEFFFF,LEA,EAX,.text
00401600,FF7508,PUSH,dword ptr [EBP + 0x8],.text
00401603,50,PUSH,EAX,.text
00401604,E81D030000,CALL,0x00401926,.text
00401609,802600,AND,byte ptr [ESI],.text
0040160c,83C40C,ADD,ESP,.text
0040160f,8D85F8FEFFFF,LEA,EAX,.text
00401615,50,PUSH,EAX,.text
00401616,FFD7,CALL,EDI,.text
00401618,85C0,TEST,EAX,.text
0040161a,750E,JNZ,0x0040162a,.text
0040161c,50,PUSH,EAX,.text
0040161d,8D85F8FEFFFF,LEA,EAX,.text
00401623,50,PUSH,EAX,.text
00401624,FF1528204000,CALL,dword ptr [0x00402028],.text
0040162a,43,INC,EBX,.text
0040162b,81FB04010000,CMP,EBX,.text
00401631,7CA4,JL,0x004015d7,.text
00401633,FF7508,PUSH,dword ptr [EBP + 0x8],.text
00401636,FFD7,CALL,EDI,.text
00401638,85C0,TEST,EAX,.text
0040163a,750A,JNZ,0x00401646,.text
0040163c,50,PUSH,EAX,.text
0040163d,FF7508,PUSH,dword ptr [EBP + 0x8],.text
00401640,FF1528204000,CALL,dword ptr [0x00402028],.text
00401646,FF7508,PUSH,dword ptr [EBP + 0x8],.text
00401649,FFD7,CALL,EDI,.text
0040164b,F7D8,NEG,EAX,.text
0040164d,1BC0,SBB,EAX,.text
0040164f,5F,POP,EDI,.text
00401650,5E,POP,ESI,.text
00401651,5B,POP,EBX,.text
00401652,F7D8,NEG,EAX,.text
00401654,C9,LEAVE,<UNSUPPORTED>,.text
00401655,C3,RET,<UNSUPPORTED>,.text
00401656,56,PUSH,ESI,.text
00401657,8B742408,MOV,ESI,.text
0040165b,56,PUSH,ESI,.text
0040165c,E866FEFFFF,CALL,0x004014c7,.text
00401661,56,PUSH,ESI,.text
00401662,E8C5020000,CALL,0x0040192c,.text
00401667,59,POP,ECX,.text
00401668,59,POP,ECX,.text
00401669,48,DEC,EAX,.text
0040166a,803C3020,CMP,byte ptr [EAX + ESI*0x1],.text
0040166e,7504,JNZ,0x00401674,.text
00401670,85C0,TEST,EAX,.text
00401672,7FF5,JG,0x00401669,.text
00401674,8064300100,AND,byte ptr [EAX + ESI*0x1 + 0x1],.text
00401679,33C0,XOR,EAX,.text
0040167b,5E,POP,ESI,.text
0040167c,C3,RET,<UNSUPPORTED>,.text
0040167d,55,PUSH,EBP,.text
0040167e,8BEC,MOV,EBP,.text
00401680,81EC94000000,SUB,ESP,.text
00401686,8D856CFFFFFF,LEA,EAX,.text
0040168c,C7856CFFFFFF94000000,MOV,dword ptr [EBP + 0xffffff6c],.text
00401696,50,PUSH,EAX,.text
00401697,FF1524204000,CALL,dword ptr [0x00402024],.text
0040169d,33C0,XOR,EAX,.text
0040169f,83BD7CFFFFFF02,CMP,dword ptr [EBP + 0xffffff7c],.text
004016a6,0F94C0,SETZ,AL,.text
004016a9,C9,LEAVE,<UNSUPPORTED>,.text
004016aa,C3,RET,<UNSUPPORTED>,.text
004016ab,55,PUSH,EBP,.text
004016ac,8BEC,MOV,EBP,.text
004016ae,81ECC0030000,SUB,ESP,.text
004016b4,53,PUSH,EBX,.text
004016b5,56,PUSH,ESI,.text
004016b6,57,PUSH,EDI,.text
004016b7,BE1C334000,MOV,ESI,.text
004016bc,8DBD44FDFFFF,LEA,EDI,.text
004016c2,6A08,PUSH,0x8,.text
004016c4,A5,MOVSD,ES:EDI,.text
004016c5,A5,MOVSD,ES:EDI,.text
004016c6,A5,MOVSD,ES:EDI,.text
004016c7,66A5,MOVSW,ES:EDI,.text
004016c9,A4,MOVSB,ES:EDI,.text
004016ca,5A,POP,EDX,.text
004016cb,33C0,XOR,EAX,.text
004016cd,8BCA,MOV,ECX,.text
004016cf,8DBD53FDFFFF,LEA,EDI,.text
004016d5,F3AB,STOSD.REP,ES:EDI,.text
004016d7,66AB,STOSW,ES:EDI,.text
004016d9,AA,STOSB,ES:EDI,.text
004016da,BE08334000,MOV,ESI,.text
004016df,8DBD76FDFFFF,LEA,EDI,.text
004016e5,A5,MOVSD,ES:EDI,.text
004016e6,A5,MOVSD,ES:EDI,.text
004016e7,A5,MOVSD,ES:EDI,.text
004016e8,A5,MOVSD,ES:EDI,.text
004016e9,A4,MOVSB,ES:EDI,.text
004016ea,8BCA,MOV,ECX,.text
004016ec,33C0,XOR,EAX,.text
004016ee,8DBD87FDFFFF,LEA,EDI,.text
004016f4,BEF8324000,MOV,ESI,.text
004016f9,F3AB,STOSD.REP,ES:EDI,.text
004016fb,AA,STOSB,ES:EDI,.text
004016fc,8DBDA8FDFFFF,LEA,EDI,.text
00401702,6A09,PUSH,0x9,.text
00401704,A5,MOVSD,ES:EDI,.text
00401705,A5,MOVSD,ES:EDI,.text
00401706,A5,MOVSD,ES:EDI,.text
00401707,66A5,MOVSW,ES:EDI,.text
00401709,59,POP,ECX,.text
0040170a,33C0,XOR,EAX,.text
0040170c,8DBDB6FDFFFF,LEA,EDI,.text
00401712,BEF4324000,MOV,ESI,.text
00401717,F3AB,STOSD.REP,ES:EDI,.text
00401719,8DBDDAFDFFFF,LEA,EDI,.text
0040171f,6A0B,PUSH,0xb,.text
00401721,66A5,MOVSW,ES:EDI,.text
00401723,A4,MOVSB,ES:EDI,.text
00401724,59,POP,ECX,.text
00401725,8DBDDDFDFFFF,LEA,EDI,.text
0040172b,F3AB,STOSD.REP,ES:EDI,.text
0040172d,66AB,STOSW,ES:EDI,.text
0040172f,AA,STOSB,ES:EDI,.text
00401730,BEE4324000,MOV,ESI,.text
00401735,8DBD0CFEFFFF,LEA,EDI,.text
0040173b,A5,MOVSD,ES:EDI,.text
0040173c,A5,MOVSD,ES:EDI,.text
0040173d,A5,MOVSD,ES:EDI,.text
0040173e,A4,MOVSB,ES:EDI,.text
0040173f,6A09,PUSH,0x9,.text
00401741,33C0,XOR,EAX,.text
00401743,59,POP,ECX,.text
00401744,8DBD19FEFFFF,LEA,EDI,.text
0040174a,F3AB,STOSD.REP,ES:EDI,.text
0040174c,AA,STOSB,ES:EDI,.text
0040174d,BBD8324000,MOV,EBX,.text
00401752,8DBD3EFEFFFF,LEA,EDI,.text
00401758,8BF3,MOV,ESI,.text
0040175a,6A09,PUSH,0x9,.text
0040175c,A5,MOVSD,ES:EDI,.text
0040175d,A5,MOVSD,ES:EDI,.text
0040175e,66A5,MOVSW,ES:EDI,.text
00401760,A4,MOVSB,ES:EDI,.text
00401761,59,POP,ECX,.text
00401762,33C0,XOR,EAX,.text
00401764,8DBD49FEFFFF,LEA,EDI,.text
0040176a,BEC8324000,MOV,ESI,.text
0040176f,F3AB,STOSD.REP,ES:EDI,.text
00401771,66AB,STOSW,ES:EDI,.text
00401773,AA,STOSB,ES:EDI,.text
00401774,8DBD70FEFFFF,LEA,EDI,.text
0040177a,A5,MOVSD,ES:EDI,.text
0040177b,A5,MOVSD,ES:EDI,.text
0040177c,A5,MOVSD,ES:EDI,.text
0040177d,66A5,MOVSW,ES:EDI,.text
0040177f,6A09,PUSH,0x9,.text
00401781,33C0,XOR,EAX,.text
00401783,59,POP,ECX,.text
00401784,8DBD7EFEFFFF,LEA,EDI,.text
0040178a,F3AB,STOSD.REP,ES:EDI,.text
0040178c,BEB4324000,MOV,ESI,.text
00401791,8DBDA2FEFFFF,LEA,EDI,.text
00401797,A5,MOVSD,ES:EDI,.text
00401798,A5,MOVSD,ES:EDI,.text
00401799,A5,MOVSD,ES:EDI,.text
0040179a,A5,MOVSD,ES:EDI,.text
0040179b,66A5,MOVSW,ES:EDI,.text
0040179d,8BCA,MOV,ECX,.text
0040179f,8DBDB4FEFFFF,LEA,EDI,.text
004017a5,F3AB,STOSD.REP,ES:EDI,.text
004017a7,BEAC324000,MOV,ESI,.text
004017ac,8DBDD4FEFFFF,LEA,EDI,.text
004017b2,A5,MOVSD,ES:EDI,.text
004017b3,66A5,MOVSW,ES:EDI,.text
004017b5,A4,MOVSB,ES:EDI,.text
004017b6,6A0A,PUSH,0xa,.text
004017b8,8DBDDBFEFFFF,LEA,EDI,.text
004017be,59,POP,ECX,.text
004017bf,F3AB,STOSD.REP,ES:EDI,.text
004017c1,66AB,STOSW,ES:EDI,.text
004017c3,8BCA,MOV,ECX,.text
004017c5,BA88324000,MOV,EDX,.text
004017ca,AA,STOSB,ES:EDI,.text
004017cb,8BF2,MOV,ESI,.text
004017cd,8DBD06FFFFFF,LEA,EDI,.text
004017d3,F3A5,MOVSD.REP,ES:EDI,.text
004017d5,66A5,MOVSW,ES:EDI,.text
004017d7,A4,MOVSB,ES:EDI,.text
004017d8,33C0,XOR,EAX,.text
004017da,8DBD29FFFFFF,LEA,EDI,.text
004017e0,AB,STOSD,ES:EDI,.text
004017e1,AB,STOSD,ES:EDI,.text
004017e2,AB,STOSD,ES:EDI,.text
004017e3,66AB,STOSW,ES:EDI,.text
004017e5,AA,STOSB,ES:EDI,.text
004017e6,BE80324000,MOV,ESI,.text
004017eb,8DBD38FFFFFF,LEA,EDI,.text
004017f1,A5,MOVSD,ES:EDI,.text
004017f2,66A5,MOVSW,ES:EDI,.text
004017f4,6A0B,PUSH,0xb,.text
004017f6,33C0,XOR,EAX,.text
004017f8,59,POP,ECX,.text
004017f9,8DBD3EFFFFFF,LEA,EDI,.text
004017ff,F3AB,STOSD.REP,ES:EDI,.text
00401801,6A08,PUSH,0x8,.text
00401803,8BF2,MOV,ESI,.text
00401805,59,POP,ECX,.text
00401806,8DBD6AFFFFFF,LEA,EDI,.text
0040180c,F3A5,MOVSD.REP,ES:EDI,.text
0040180e,66A5,MOVSW,ES:EDI,.text
00401810,A4,MOVSB,ES:EDI,.text
00401811,8D7D8D,LEA,EDI,.text
00401814,BE74324000,MOV,ESI,.text
00401819,AB,STOSD,ES:EDI,.text
0040181a,AB,STOSD,ES:EDI,.text
0040181b,AB,STOSD,ES:EDI,.text
0040181c,66AB,STOSW,ES:EDI,.text
0040181e,AA,STOSB,ES:EDI,.text
0040181f,8D7D9C,LEA,EDI,.text
00401822,6A0A,PUSH,0xa,.text
00401824,A5,MOVSD,ES:EDI,.text
00401825,A5,MOVSD,ES:EDI,.text
00401826,A4,MOVSB,ES:EDI,.text
00401827,59,POP,ECX,.text
00401828,33C0,XOR,EAX,.text
0040182a,8D7DA5,LEA,EDI,.text
0040182d,8BF3,MOV,ESI,.text
0040182f,F3AB,STOSD.REP,ES:EDI,.text
00401831,AA,STOSB,ES:EDI,.text
00401832,8D7DCE,LEA,EDI,.text
00401835,A5,MOVSD,ES:EDI,.text
00401836,A5,MOVSD,ES:EDI,.text
00401837,66A5,MOVSW,ES:EDI,.text
00401839,A4,MOVSB,ES:EDI,.text
0040183a,6A09,PUSH,0x9,.text
0040183c,33C0,XOR,EAX,.text
0040183e,59,POP,ECX,.text
0040183f,8D7DD9,LEA,EDI,.text
00401842,FF750C,PUSH,dword ptr [EBP + 0xc],.text
00401845,8B7508,MOV,ESI,.text
00401848,F3AB,STOSD.REP,ES:EDI,.text
0040184a,66AB,STOSW,ES:EDI,.text
0040184c,56,PUSH,ESI,.text
0040184d,AA,STOSB,ES:EDI,.text
0040184e,FF15AC204000,CALL,dword ptr [0x004020ac],.text
00401854,803E25,CMP,byte ptr [ESI],.text
00401857,0F85BB000000,JNZ,0x00401918,.text
0040185d,33DB,XOR,EBX,.text
0040185f,8DBD44FDFFFF,LEA,EDI,.text
00401865,57,PUSH,EDI,.text
00401866,E8C1000000,CALL,0x0040192c,.text
0040186b,50,PUSH,EAX,.text
0040186c,57,PUSH,EDI,.text
0040186d,56,PUSH,ESI,.text
0040186e,E8EF000000,CALL,0x00401962,.text
00401873,83C410,ADD,ESP,.text
00401876,85C0,TEST,EAX,.text
00401878,740B,JZ,0x00401885,.text
0040187a,43,INC,EBX,.text
0040187b,83C764,ADD,EDI,.text
0040187e,83FB07,CMP,EBX,.text
00401881,7CE2,JL,0x00401865,.text
00401883,EB37,JMP,0x004018bc,.text
00401885,8BC3,MOV,EAX,.text
00401887,6BC064,IMUL,EAX,.text
0040188a,8D840576FDFFFF,LEA,EAX,.text
00401891,50,PUSH,EAX,.text
00401892,8D8540FCFFFF,LEA,EAX,.text
00401898,6854324000,PUSH,0x403254,.text
0040189d,50,PUSH,EAX,.text
0040189e,E87D000000,CALL,0x00401920,.text
004018a3,6A25,PUSH,0x25,.text
004018a5,56,PUSH,ESI,.text
004018a6,E8B1000000,CALL,0x0040195c,.text
004018ab,40,INC,EAX,.text
004018ac,50,PUSH,EAX,.text
004018ad,8D8540FCFFFF,LEA,EAX,.text
004018b3,50,PUSH,EAX,.text
004018b4,E89D000000,CALL,0x00401956,.text
004018b9,83C41C,ADD,ESP,.text
004018bc,83FB07,CMP,EBX,.text
004018bf,7C2A,JL,0x004018eb,.text
004018c1,8D8540FCFFFF,LEA,EAX,.text
004018c7,6864324000,PUSH,0x403264,.text
004018cc,50,PUSH,EAX,.text
004018cd,E84E000000,CALL,0x00401920,.text
004018d2,6A25,PUSH,0x25,.text
004018d4,56,PUSH,ESI,.text
004018d5,E882000000,CALL,0x0040195c,.text
004018da,40,INC,EAX,.text
004018db,50,PUSH,EAX,.text
004018dc,8D8540FCFFFF,LEA,EAX,.text
004018e2,50,PUSH,EAX,.text
004018e3,E86E000000,CALL,0x00401956,.text
004018e8,83C418,ADD,ESP,.text
004018eb,8D8540FCFFFF,LEA,EAX,.text
004018f1,50,PUSH,EAX,.text
004018f2,E835000000,CALL,0x0040192c,.text
004018f7,50,PUSH,EAX,.text
004018f8,8D8540FCFFFF,LEA,EAX,.text
004018fe,50,PUSH,EAX,.text
004018ff,56,PUSH,ESI,.text
00401900,E821000000,CALL,0x00401926,.text
00401905,8D8540FCFFFF,LEA,EAX,.text
0040190b,50,PUSH,EAX,.text
0040190c,E81B000000,CALL,0x0040192c,.text
00401911,83C414,ADD,ESP,.text
00401914,80243000,AND,byte ptr [EAX + ESI*0x1],.text
00401918,5F,POP,EDI,.text
00401919,5E,POP,ESI,.text
0040191a,33C0,XOR,EAX,.text
0040191c,5B,POP,EBX,.text
0040191d,C9,LEAVE,<UNSUPPORTED>,.text
0040191e,C3,RET,<UNSUPPORTED>,.text
0040191f,CC,INT3,<UNSUPPORTED>,.text
00401920,FF2580204000,JMP,dword ptr [0x00402080],.text
00401926,FF2588204000,JMP,dword ptr [0x00402088],.text
0040192c,FF258C204000,JMP,dword ptr [0x0040208c],.text
00401932,FF2590204000,JMP,dword ptr [0x00402090],.text
00401938,FF2594204000,JMP,dword ptr [0x00402094],.text
0040193e,FF2598204000,JMP,dword ptr [0x00402098],.text
00401944,FF259C204000,JMP,dword ptr [0x0040209c],.text
0040194a,FF25A4204000,JMP,dword ptr [0x004020a4],.text
00401950,FF25A0204000,JMP,dword ptr [0x004020a0],.text
00401956,FF2568204000,JMP,dword ptr [0x00402068],.text
0040195c,FF2544204000,JMP,dword ptr [0x00402044],.text
00401962,FF2548204000,JMP,dword ptr [0x00402048],.text
00401968,CC,INT3,<UNSUPPORTED>,.text
00401969,CC,INT3,<UNSUPPORTED>,.text
0040196a,CC,INT3,<UNSUPPORTED>,.text
0040196b,CC,INT3,<UNSUPPORTED>,.text
0040196c,CC,INT3,<UNSUPPORTED>,.text
0040196d,CC,INT3,<UNSUPPORTED>,.text
0040196e,CC,INT3,<UNSUPPORTED>,.text
0040196f,CC,INT3,<UNSUPPORTED>,.text
00401970,51,PUSH,ECX,.text
00401971,3D00100000,CMP,EAX,.text
00401976,8D4C2408,LEA,ECX,.text
0040197a,7214,JC,0x00401990,.text
0040197c,81E900100000,SUB,ECX,.text
00401982,2D00100000,SUB,EAX,.text
00401987,8501,TEST,dword ptr [ECX],.text
00401989,3D00100000,CMP,EAX,.text
0040198e,73EC,JNC,0x0040197c,.text
00401990,2BC8,SUB,ECX,.text
00401992,8BC4,MOV,EAX,.text
00401994,8501,TEST,dword ptr [ECX],.text
00401996,8BE1,MOV,ESP,.text
00401998,8B08,MOV,ECX,.text
0040199a,8B4004,MOV,EAX,.text
0040199d,50,PUSH,EAX,.text
0040199e,C3,RET,<UNSUPPORTED>,.text
0040199f,55,PUSH,EBP,.text
004019a0,8BEC,MOV,EBP,.text
004019a2,6AFF,PUSH,-0x1,.text
004019a4,68C8204000,PUSH,0x4020c8,.text
004019a9,68201B4000,PUSH,0x401b20,.text
004019ae,64A100000000,MOV,EAX,.text
004019b4,50,PUSH,EAX,.text
004019b5,64892500000000,MOV,dword ptr FS:[0x0],.text
004019bc,83EC68,SUB,ESP,.text
004019bf,53,PUSH,EBX,.text
004019c0,56,PUSH,ESI,.text
004019c1,57,PUSH,EDI,.text
004019c2,8965E8,MOV,dword ptr [EBP + -0x18],.text
004019c5,33DB,XOR,EBX,.text
004019c7,895DFC,MOV,dword ptr [EBP + -0x4],.text
004019ca,6A02,PUSH,0x2,.text
004019cc,FF1574204000,CALL,dword ptr [0x00402074],.text
004019d2,59,POP,ECX,.text
004019d3,830D943B4000FF,OR,dword ptr [0x00403b94],.text
004019da,830D983B4000FF,OR,dword ptr [0x00403b98],.text
004019e1,FF1570204000,CALL,dword ptr [0x00402070],.text
004019e7,8B0D903B4000,MOV,ECX,.text
004019ed,8908,MOV,dword ptr [EAX],.text
004019ef,FF156C204000,CALL,dword ptr [0x0040206c],.text
004019f5,8B0D8C3B4000,MOV,ECX,.text
004019fb,8908,MOV,dword ptr [EAX],.text
004019fd,A184204000,MOV,EAX,.text
00401a02,8B00,MOV,EAX,.text
00401a04,A39C3B4000,MOV,[0x00403b9c],.text
00401a09,E811010000,CALL,0x00401b1f,.text
00401a0e,391D30334000,CMP,dword ptr [0x00403330],.text
00401a14,750C,JNZ,0x00401a22,.text
00401a16,681C1B4000,PUSH,0x401b1c,.text
00401a1b,FF1564204000,CALL,dword ptr [0x00402064],.text
00401a21,59,POP,ECX,.text
00401a22,E8E3000000,CALL,0x00401b0a,.text
00401a27,680C304000,PUSH,0x40300c,.text
00401a2c,6808304000,PUSH,0x403008,.text
00401a31,E8CE000000,CALL,0x00401b04,.text
00401a36,A1883B4000,MOV,EAX,.text
00401a3b,894594,MOV,dword ptr [EBP + -0x6c],.text
00401a3e,8D4594,LEA,EAX,.text
00401a41,50,PUSH,EAX,.text
00401a42,FF35843B4000,PUSH,dword ptr [0x00403b84],.text
00401a48,8D459C,LEA,EAX,.text
00401a4b,50,PUSH,EAX,.text
00401a4c,8D4590,LEA,EAX,.text
00401a4f,50,PUSH,EAX,.text
00401a50,8D45A0,LEA,EAX,.text
00401a53,50,PUSH,EAX,.text
00401a54,FF155C204000,CALL,dword ptr [0x0040205c],.text
00401a5a,6804304000,PUSH,0x403004,.text
00401a5f,6800304000,PUSH,0x403000,.text
00401a64,E89B000000,CALL,0x00401b04,.text
00401a69,83C424,ADD,ESP,.text
00401a6c,A158204000,MOV,EAX,.text
00401a71,8B30,MOV,ESI,.text
00401a73,89758C,MOV,dword ptr [EBP + -0x74],.text
00401a76,803E22,CMP,byte ptr [ESI],.text
00401a79,753A,JNZ,0x00401ab5,.text
00401a7b,46,INC,ESI,.text
00401a7c,89758C,MOV,dword ptr [EBP + -0x74],.text
00401a7f,8A06,MOV,AL,.text
00401a81,3AC3,CMP,AL,.text
00401a83,7404,JZ,0x00401a89,.text
00401a85,3C22,CMP,AL,.text
00401a87,75F2,JNZ,0x00401a7b,.text
00401a89,803E22,CMP,byte ptr [ESI],.text
00401a8c,7504,JNZ,0x00401a92,.text
00401a8e,46,INC,ESI,.text
00401a8f,89758C,MOV,dword ptr [EBP + -0x74],.text
00401a92,8A06,MOV,AL,.text
00401a94,3AC3,CMP,AL,.text
00401a96,7404,JZ,0x00401a9c,.text
00401a98,3C20,CMP,AL,.text
00401a9a,76F2,JBE,0x00401a8e,.text
00401a9c,895DD0,MOV,dword ptr [EBP + -0x30],.text
00401a9f,8D45A4,LEA,EAX,.text
00401aa2,50,PUSH,EAX,.text
00401aa3,FF151C204000,CALL,dword ptr [0x0040201c],.text
00401aa9,F645D001,TEST,byte ptr [EBP + -0x30],.text
00401aad,7411,JZ,0x00401ac0,.text
00401aaf,0FB745D4,MOVZX,EAX,.text
00401ab3,EB0E,JMP,0x00401ac3,.text
00401ab5,803E20,CMP,byte ptr [ESI],.text
00401ab8,76D8,JBE,0x00401a92,.text
00401aba,46,INC,ESI,.text
00401abb,89758C,MOV,dword ptr [EBP + -0x74],.text
00401abe,EBF5,JMP,0x00401ab5,.text
00401ac0,6A0A,PUSH,0xa,.text
00401ac2,58,POP,EAX,.text
00401ac3,50,PUSH,EAX,.text
00401ac4,56,PUSH,ESI,.text
00401ac5,53,PUSH,EBX,.text
00401ac6,53,PUSH,EBX,.text
00401ac7,FF1520204000,CALL,dword ptr [0x00402020],.text
00401acd,50,PUSH,EAX,.text
00401ace,E82DF5FFFF,CALL,0x00401000,.text
00401ad3,894598,MOV,dword ptr [EBP + -0x68],.text
00401ad6,50,PUSH,EAX,.text
00401ad7,FF1554204000,CALL,dword ptr [0x00402054],.text
00401add,8B45EC,MOV,EAX,.text
00401ae0,8B08,MOV,ECX,.text
00401ae2,8B09,MOV,ECX,.text
00401ae4,894D88,MOV,dword ptr [EBP + -0x78],.text
00401ae7,50,PUSH,EAX,.text
00401ae8,51,PUSH,ECX,.text
00401ae9,E810000000,CALL,0x00401afe,.text
00401aee,59,POP,ECX,.text
00401aef,59,POP,ECX,.text
00401af0,C3,RET,<UNSUPPORTED>,.text
00401af1,8B65E8,MOV,ESP,.text
00401af4,FF7588,PUSH,dword ptr [EBP + -0x78],.text
00401af7,FF154C204000,CALL,dword ptr [0x0040204c],.text
00401afd,CC,INT3,<UNSUPPORTED>,.text
00401afe,FF2550204000,JMP,dword ptr [0x00402050],.text
00401b04,FF2560204000,JMP,dword ptr [0x00402060],.text
00401b0a,6800000300,PUSH,0x30000,.text
00401b0f,6800000100,PUSH,0x10000,.text
00401b14,E80D000000,CALL,0x00401b26,.text
00401b19,59,POP,ECX,.text
00401b1a,59,POP,ECX,.text
00401b1b,C3,RET,<UNSUPPORTED>,.text
00401b1c,33C0,XOR,EAX,.text
00401b1e,C3,RET,<UNSUPPORTED>,.text
00401b1f,C3,RET,<UNSUPPORTED>,.text
00401b20,FF2578204000,JMP,dword ptr [0x00402078],.text
00401b26,FF257C204000,JMP,dword ptr [0x0040207c],.text
00401b2c,0000,ADD,byte ptr [EAX],.text
00401b2e,0000,ADD,byte ptr [EAX],.text
00401b30,0000,ADD,byte ptr [EAX],.text
00401b32,0000,ADD,byte ptr [EAX],.text
00401b34,0000,ADD,byte ptr [EAX],.text
00401b36,0000,ADD,byte ptr [EAX],.text
00401b38,0000,ADD,byte ptr [EAX],.text
00401b3a,0000,ADD,byte ptr [EAX],.text
00401b3c,0000,ADD,byte ptr [EAX],.text
00401b3e,0000,ADD,byte ptr [EAX],.text
00401b40,0000,ADD,byte ptr [EAX],.text
00401b42,0000,ADD,byte ptr [EAX],.text
00401b44,0000,ADD,byte ptr [EAX],.text
00401b46,0000,ADD,byte ptr [EAX],.text
00401b48,0000,ADD,byte ptr [EAX],.text
00401b4a,0000,ADD,byte ptr [EAX],.text
00401b4c,0000,ADD,byte ptr [EAX],.text
00401b4e,0000,ADD,byte ptr [EAX],.text
00401b50,0000,ADD,byte ptr [EAX],.text
00401b52,0000,ADD,byte ptr [EAX],.text
00401b54,0000,ADD,byte ptr [EAX],.text
00401b56,0000,ADD,byte ptr [EAX],.text
00401b58,0000,ADD,byte ptr [EAX],.text
00401b5a,0000,ADD,byte ptr [EAX],.text
00401b5c,0000,ADD,byte ptr [EAX],.text
00401b5e,0000,ADD,byte ptr [EAX],.text
00401b60,0000,ADD,byte ptr [EAX],.text
00401b62,0000,ADD,byte ptr [EAX],.text
00401b64,0000,ADD,byte ptr [EAX],.text
00401b66,0000,ADD,byte ptr [EAX],.text
00401b68,0000,ADD,byte ptr [EAX],.text
00401b6a,0000,ADD,byte ptr [EAX],.text
00401b6c,0000,ADD,byte ptr [EAX],.text
00401b6e,0000,ADD,byte ptr [EAX],.text
00401b70,0000,ADD,byte ptr [EAX],.text
00401b72,0000,ADD,byte ptr [EAX],.text
00401b74,0000,ADD,byte ptr [EAX],.text
00401b76,0000,ADD,byte ptr [EAX],.text
00401b78,0000,ADD,byte ptr [EAX],.text
00401b7a,0000,ADD,byte ptr [EAX],.text
00401b7c,0000,ADD,byte ptr [EAX],.text
00401b7e,0000,ADD,byte ptr [EAX],.text
00401b80,0000,ADD,byte ptr [EAX],.text
00401b82,0000,ADD,byte ptr [EAX],.text
00401b84,0000,ADD,byte ptr [EAX],.text
00401b86,0000,ADD,byte ptr [EAX],.text
00401b88,0000,ADD,byte ptr [EAX],.text
00401b8a,0000,ADD,byte ptr [EAX],.text
00401b8c,0000,ADD,byte ptr [EAX],.text
00401b8e,0000,ADD,byte ptr [EAX],.text
00401b90,0000,ADD,byte ptr [EAX],.text
00401b92,0000,ADD,byte ptr [EAX],.text
00401b94,0000,ADD,byte ptr [EAX],.text
00401b96,0000,ADD,byte ptr [EAX],.text
00401b98,0000,ADD,byte ptr [EAX],.text
00401b9a,0000,ADD,byte ptr [EAX],.text
00401b9c,0000,ADD,byte ptr [EAX],.text
00401b9e,0000,ADD,byte ptr [EAX],.text
00401ba0,0000,ADD,byte ptr [EAX],.text
00401ba2,0000,ADD,byte ptr [EAX],.text
00401ba4,0000,ADD,byte ptr [EAX],.text
00401ba6,0000,ADD,byte ptr [EAX],.text
00401ba8,0000,ADD,byte ptr [EAX],.text
00401baa,0000,ADD,byte ptr [EAX],.text
00401bac,0000,ADD,byte ptr [EAX],.text
00401bae,0000,ADD,byte ptr [EAX],.text
00401bb0,0000,ADD,byte ptr [EAX],.text
00401bb2,0000,ADD,byte ptr [EAX],.text
00401bb4,0000,ADD,byte ptr [EAX],.text
00401bb6,0000,ADD,byte ptr [EAX],.text
00401bb8,0000,ADD,byte ptr [EAX],.text
00401bba,0000,ADD,byte ptr [EAX],.text
00401bbc,0000,ADD,byte ptr [EAX],.text
00401bbe,0000,ADD,byte ptr [EAX],.text
00401bc0,0000,ADD,byte ptr [EAX],.text
00401bc2,0000,ADD,byte ptr [EAX],.text
00401bc4,0000,ADD,byte ptr [EAX],.text
00401bc6,0000,ADD,byte ptr [EAX],.text
00401bc8,0000,ADD,byte ptr [EAX],.text
00401bca,0000,ADD,byte ptr [EAX],.text
00401bcc,0000,ADD,byte ptr [EAX],.text
00401bce,0000,ADD,byte ptr [EAX],.text
00401bd0,0000,ADD,byte ptr [EAX],.text
00401bd2,0000,ADD,byte ptr [EAX],.text
00401bd4,0000,ADD,byte ptr [EAX],.text
00401bd6,0000,ADD,byte ptr [EAX],.text
00401bd8,0000,ADD,byte ptr [EAX],.text
00401bda,0000,ADD,byte ptr [EAX],.text
00401bdc,0000,ADD,byte ptr [EAX],.text
00401bde,0000,ADD,byte ptr [EAX],.text
00401be0,0000,ADD,byte ptr [EAX],.text
00401be2,0000,ADD,byte ptr [EAX],.text
00401be4,0000,ADD,byte ptr [EAX],.text
00401be6,0000,ADD,byte ptr [EAX],.text
00401be8,0000,ADD,byte ptr [EAX],.text
00401bea,0000,ADD,byte ptr [EAX],.text
00401bec,0000,ADD,byte ptr [EAX],.text
00401bee,0000,ADD,byte ptr [EAX],.text
00401bf0,0000,ADD,byte ptr [EAX],.text
00401bf2,0000,ADD,byte ptr [EAX],.text
00401bf4,0000,ADD,byte ptr [EAX],.text
00401bf6,0000,ADD,byte ptr [EAX],.text
00401bf8,0000,ADD,byte ptr [EAX],.text
00401bfa,0000,ADD,byte ptr [EAX],.text
00401bfc,0000,ADD,byte ptr [EAX],.text
00401bfe,0000,ADD,byte ptr [EAX],.text
00401c00,0000,ADD,byte ptr [EAX],.text
00401c02,0000,ADD,byte ptr [EAX],.text
00401c04,0000,ADD,byte ptr [EAX],.text
00401c06,0000,ADD,byte ptr [EAX],.text
00401c08,0000,ADD,byte ptr [EAX],.text
00401c0a,0000,ADD,byte ptr [EAX],.text
00401c0c,0000,ADD,byte ptr [EAX],.text
00401c0e,0000,ADD,byte ptr [EAX],.text
00401c10,0000,ADD,byte ptr [EAX],.text
00401c12,0000,ADD,byte ptr [EAX],.text
00401c14,0000,ADD,byte ptr [EAX],.text
00401c16,0000,ADD,byte ptr [EAX],.text
00401c18,0000,ADD,byte ptr [EAX],.text
00401c1a,0000,ADD,byte ptr [EAX],.text
00401c1c,0000,ADD,byte ptr [EAX],.text
00401c1e,0000,ADD,byte ptr [EAX],.text
00401c20,0000,ADD,byte ptr [EAX],.text
00401c22,0000,ADD,byte ptr [EAX],.text
00401c24,0000,ADD,byte ptr [EAX],.text
00401c26,0000,ADD,byte ptr [EAX],.text
00401c28,0000,ADD,byte ptr [EAX],.text
00401c2a,0000,ADD,byte ptr [EAX],.text
00401c2c,0000,ADD,byte ptr [EAX],.text
00401c2e,0000,ADD,byte ptr [EAX],.text
00401c30,0000,ADD,byte ptr [EAX],.text
00401c32,0000,ADD,byte ptr [EAX],.text
00401c34,0000,ADD,byte ptr [EAX],.text
00401c36,0000,ADD,byte ptr [EAX],.text
00401c38,0000,ADD,byte ptr [EAX],.text
00401c3a,0000,ADD,byte ptr [EAX],.text
00401c3c,0000,ADD,byte ptr [EAX],.text
00401c3e,0000,ADD,byte ptr [EAX],.text
00401c40,0000,ADD,byte ptr [EAX],.text
00401c42,0000,ADD,byte ptr [EAX],.text
00401c44,0000,ADD,byte ptr [EAX],.text
00401c46,0000,ADD,byte ptr [EAX],.text
00401c48,0000,ADD,byte ptr [EAX],.text
00401c4a,0000,ADD,byte ptr [EAX],.text
00401c4c,0000,ADD,byte ptr [EAX],.text
00401c4e,0000,ADD,byte ptr [EAX],.text
00401c50,0000,ADD,byte ptr [EAX],.text
00401c52,0000,ADD,byte ptr [EAX],.text
00401c54,0000,ADD,byte ptr [EAX],.text
00401c56,0000,ADD,byte ptr [EAX],.text
00401c58,0000,ADD,byte ptr [EAX],.text
00401c5a,0000,ADD,byte ptr [EAX],.text
00401c5c,0000,ADD,byte ptr [EAX],.text
00401c5e,0000,ADD,byte ptr [EAX],.text
00401c60,0000,ADD,byte ptr [EAX],.text
00401c62,0000,ADD,byte ptr [EAX],.text
00401c64,0000,ADD,byte ptr [EAX],.text
00401c66,0000,ADD,byte ptr [EAX],.text
00401c68,0000,ADD,byte ptr [EAX],.text
00401c6a,0000,ADD,byte ptr [EAX],.text
00401c6c,0000,ADD,byte ptr [EAX],.text
00401c6e,0000,ADD,byte ptr [EAX],.text
00401c70,0000,ADD,byte ptr [EAX],.text
00401c72,0000,ADD,byte ptr [EAX],.text
00401c74,0000,ADD,byte ptr [EAX],.text
00401c76,0000,ADD,byte ptr [EAX],.text
00401c78,0000,ADD,byte ptr [EAX],.text
00401c7a,0000,ADD,byte ptr [EAX],.text
00401c7c,0000,ADD,byte ptr [EAX],.text
00401c7e,0000,ADD,byte ptr [EAX],.text
00401c80,0000,ADD,byte ptr [EAX],.text
00401c82,0000,ADD,byte ptr [EAX],.text
00401c84,0000,ADD,byte ptr [EAX],.text
00401c86,0000,ADD,byte ptr [EAX],.text
00401c88,0000,ADD,byte ptr [EAX],.text
00401c8a,0000,ADD,byte ptr [EAX],.text
00401c8c,0000,ADD,byte ptr [EAX],.text
00401c8e,0000,ADD,byte ptr [EAX],.text
00401c90,0000,ADD,byte ptr [EAX],.text
00401c92,0000,ADD,byte ptr [EAX],.text
00401c94,0000,ADD,byte ptr [EAX],.text
00401c96,0000,ADD,byte ptr [EAX],.text
00401c98,0000,ADD,byte ptr [EAX],.text
00401c9a,0000,ADD,byte ptr [EAX],.text
00401c9c,0000,ADD,byte ptr [EAX],.text
00401c9e,0000,ADD,byte ptr [EAX],.text
00401ca0,0000,ADD,byte ptr [EAX],.text
00401ca2,0000,ADD,byte ptr [EAX],.text
00401ca4,0000,ADD,byte ptr [EAX],.text
00401ca6,0000,ADD,byte ptr [EAX],.text
00401ca8,0000,ADD,byte ptr [EAX],.text
00401caa,0000,ADD,byte ptr [EAX],.text
00401cac,0000,ADD,byte ptr [EAX],.text
00401cae,0000,ADD,byte ptr [EAX],.text
00401cb0,0000,ADD,byte ptr [EAX],.text
00401cb2,0000,ADD,byte ptr [EAX],.text
00401cb4,0000,ADD,byte ptr [EAX],.text
00401cb6,0000,ADD,byte ptr [EAX],.text
00401cb8,0000,ADD,byte ptr [EAX],.text
00401cba,0000,ADD,byte ptr [EAX],.text
00401cbc,0000,ADD,byte ptr [EAX],.text
00401cbe,0000,ADD,byte ptr [EAX],.text
00401cc0,0000,ADD,byte ptr [EAX],.text
00401cc2,0000,ADD,byte ptr [EAX],.text
00401cc4,0000,ADD,byte ptr [EAX],.text
00401cc6,0000,ADD,byte ptr [EAX],.text
00401cc8,0000,ADD,byte ptr [EAX],.text
00401cca,0000,ADD,byte ptr [EAX],.text
00401ccc,0000,ADD,byte ptr [EAX],.text
00401cce,0000,ADD,byte ptr [EAX],.text
00401cd0,0000,ADD,byte ptr [EAX],.text
00401cd2,0000,ADD,byte ptr [EAX],.text
00401cd4,0000,ADD,byte ptr [EAX],.text
00401cd6,0000,ADD,byte ptr [EAX],.text
00401cd8,0000,ADD,byte ptr [EAX],.text
00401cda,0000,ADD,byte ptr [EAX],.text
00401cdc,0000,ADD,byte ptr [EAX],.text
00401cde,0000,ADD,byte ptr [EAX],.text
00401ce0,0000,ADD,byte ptr [EAX],.text
00401ce2,0000,ADD,byte ptr [EAX],.text
00401ce4,0000,ADD,byte ptr [EAX],.text
00401ce6,0000,ADD,byte ptr [EAX],.text
00401ce8,0000,ADD,byte ptr [EAX],.text
00401cea,0000,ADD,byte ptr [EAX],.text
00401cec,0000,ADD,byte ptr [EAX],.text
00401cee,0000,ADD,byte ptr [EAX],.text
00401cf0,0000,ADD,byte ptr [EAX],.text
00401cf2,0000,ADD,byte ptr [EAX],.text
00401cf4,0000,ADD,byte ptr [EAX],.text
00401cf6,0000,ADD,byte ptr [EAX],.text
00401cf8,0000,ADD,byte ptr [EAX],.text
00401cfa,0000,ADD,byte ptr [EAX],.text
00401cfc,0000,ADD,byte ptr [EAX],.text
00401cfe,0000,ADD,byte ptr [EAX],.text
00401d00,0000,ADD,byte ptr [EAX],.text
00401d02,0000,ADD,byte ptr [EAX],.text
00401d04,0000,ADD,byte ptr [EAX],.text
00401d06,0000,ADD,byte ptr [EAX],.text
00401d08,0000,ADD,byte ptr [EAX],.text
00401d0a,0000,ADD,byte ptr [EAX],.text
00401d0c,0000,ADD,byte ptr [EAX],.text
00401d0e,0000,ADD,byte ptr [EAX],.text
00401d10,0000,ADD,byte ptr [EAX],.text
00401d12,0000,ADD,byte ptr [EAX],.text
00401d14,0000,ADD,byte ptr [EAX],.text
00401d16,0000,ADD,byte ptr [EAX],.text
00401d18,0000,ADD,byte ptr [EAX],.text
00401d1a,0000,ADD,byte ptr [EAX],.text
00401d1c,0000,ADD,byte ptr [EAX],.text
00401d1e,0000,ADD,byte ptr [EAX],.text
00401d20,0000,ADD,byte ptr [EAX],.text
00401d22,0000,ADD,byte ptr [EAX],.text
00401d24,0000,ADD,byte ptr [EAX],.text
00401d26,0000,ADD,byte ptr [EAX],.text
00401d28,0000,ADD,byte ptr [EAX],.text
00401d2a,0000,ADD,byte ptr [EAX],.text
00401d2c,0000,ADD,byte ptr [EAX],.text
00401d2e,0000,ADD,byte ptr [EAX],.text
00401d30,0000,ADD,byte ptr [EAX],.text
00401d32,0000,ADD,byte ptr [EAX],.text
00401d34,0000,ADD,byte ptr [EAX],.text
00401d36,0000,ADD,byte ptr [EAX],.text
00401d38,0000,ADD,byte ptr [EAX],.text
00401d3a,0000,ADD,byte ptr [EAX],.text
00401d3c,0000,ADD,byte ptr [EAX],.text
00401d3e,0000,ADD,byte ptr [EAX],.text
00401d40,0000,ADD,byte ptr [EAX],.text
00401d42,0000,ADD,byte ptr [EAX],.text
00401d44,0000,ADD,byte ptr [EAX],.text
00401d46,0000,ADD,byte ptr [EAX],.text
00401d48,0000,ADD,byte ptr [EAX],.text
00401d4a,0000,ADD,byte ptr [EAX],.text
00401d4c,0000,ADD,byte ptr [EAX],.text
00401d4e,0000,ADD,byte ptr [EAX],.text
00401d50,0000,ADD,byte ptr [EAX],.text
00401d52,0000,ADD,byte ptr [EAX],.text
00401d54,0000,ADD,byte ptr [EAX],.text
00401d56,0000,ADD,byte ptr [EAX],.text
00401d58,0000,ADD,byte ptr [EAX],.text
00401d5a,0000,ADD,byte ptr [EAX],.text
00401d5c,0000,ADD,byte ptr [EAX],.text
00401d5e,0000,ADD,byte ptr [EAX],.text
00401d60,0000,ADD,byte ptr [EAX],.text
00401d62,0000,ADD,byte ptr [EAX],.text
00401d64,0000,ADD,byte ptr [EAX],.text
00401d66,0000,ADD,byte ptr [EAX],.text
00401d68,0000,ADD,byte ptr [EAX],.text
00401d6a,0000,ADD,byte ptr [EAX],.text
00401d6c,0000,ADD,byte ptr [EAX],.text
00401d6e,0000,ADD,byte ptr [EAX],.text
00401d70,0000,ADD,byte ptr [EAX],.text
00401d72,0000,ADD,byte ptr [EAX],.text
00401d74,0000,ADD,byte ptr [EAX],.text
00401d76,0000,ADD,byte ptr [EAX],.text
00401d78,0000,ADD,byte ptr [EAX],.text
00401d7a,0000,ADD,byte ptr [EAX],.text
00401d7c,0000,ADD,byte ptr [EAX],.text
00401d7e,0000,ADD,byte ptr [EAX],.text
00401d80,0000,ADD,byte ptr [EAX],.text
00401d82,0000,ADD,byte ptr [EAX],.text
00401d84,0000,ADD,byte ptr [EAX],.text
00401d86,0000,ADD,byte ptr [EAX],.text
00401d88,0000,ADD,byte ptr [EAX],.text
00401d8a,0000,ADD,byte ptr [EAX],.text
00401d8c,0000,ADD,byte ptr [EAX],.text
00401d8e,0000,ADD,byte ptr [EAX],.text
00401d90,0000,ADD,byte ptr [EAX],.text
00401d92,0000,ADD,byte ptr [EAX],.text
00401d94,0000,ADD,byte ptr [EAX],.text
00401d96,0000,ADD,byte ptr [EAX],.text
00401d98,0000,ADD,byte ptr [EAX],.text
00401d9a,0000,ADD,byte ptr [EAX],.text
00401d9c,0000,ADD,byte ptr [EAX],.text
00401d9e,0000,ADD,byte ptr [EAX],.text
00401da0,0000,ADD,byte ptr [EAX],.text
00401da2,0000,ADD,byte ptr [EAX],.text
00401da4,0000,ADD,byte ptr [EAX],.text
00401da6,0000,ADD,byte ptr [EAX],.text
00401da8,0000,ADD,byte ptr [EAX],.text
00401daa,0000,ADD,byte ptr [EAX],.text
00401dac,0000,ADD,byte ptr [EAX],.text
00401dae,0000,ADD,byte ptr [EAX],.text
00401db0,0000,ADD,byte ptr [EAX],.text
00401db2,0000,ADD,byte ptr [EAX],.text
00401db4,0000,ADD,byte ptr [EAX],.text
00401db6,0000,ADD,byte ptr [EAX],.text
00401db8,0000,ADD,byte ptr [EAX],.text
00401dba,0000,ADD,byte ptr [EAX],.text
00401dbc,0000,ADD,byte ptr [EAX],.text
00401dbe,0000,ADD,byte ptr [EAX],.text
00401dc0,0000,ADD,byte ptr [EAX],.text
00401dc2,0000,ADD,byte ptr [EAX],.text
00401dc4,0000,ADD,byte ptr [EAX],.text
00401dc6,0000,ADD,byte ptr [EAX],.text
00401dc8,0000,ADD,byte ptr [EAX],.text
00401dca,0000,ADD,byte ptr [EAX],.text
00401dcc,0000,ADD,byte ptr [EAX],.text
00401dce,0000,ADD,byte ptr [EAX],.text
00401dd0,0000,ADD,byte ptr [EAX],.text
00401dd2,0000,ADD,byte ptr [EAX],.text
00401dd4,0000,ADD,byte ptr [EAX],.text
00401dd6,0000,ADD,byte ptr [EAX],.text
00401dd8,0000,ADD,byte ptr [EAX],.text
00401dda,0000,ADD,byte ptr [EAX],.text
00401ddc,0000,ADD,byte ptr [EAX],.text
00401dde,0000,ADD,byte ptr [EAX],.text
00401de0,0000,ADD,byte ptr [EAX],.text
00401de2,0000,ADD,byte ptr [EAX],.text
00401de4,0000,ADD,byte ptr [EAX],.text
00401de6,0000,ADD,byte ptr [EAX],.text
00401de8,0000,ADD,byte ptr [EAX],.text
00401dea,0000,ADD,byte ptr [EAX],.text
00401dec,0000,ADD,byte ptr [EAX],.text
00401dee,0000,ADD,byte ptr [EAX],.text
00401df0,0000,ADD,byte ptr [EAX],.text
00401df2,0000,ADD,byte ptr [EAX],.text
00401df4,0000,ADD,byte ptr [EAX],.text
00401df6,0000,ADD,byte ptr [EAX],.text
00401df8,0000,ADD,byte ptr [EAX],.text
00401dfa,0000,ADD,byte ptr [EAX],.text
00401dfc,0000,ADD,byte ptr [EAX],.text
00401dfe,0000,ADD,byte ptr [EAX],.text
00401e00,0000,ADD,byte ptr [EAX],.text
00401e02,0000,ADD,byte ptr [EAX],.text
00401e04,0000,ADD,byte ptr [EAX],.text
00401e06,0000,ADD,byte ptr [EAX],.text
00401e08,0000,ADD,byte ptr [EAX],.text
00401e0a,0000,ADD,byte ptr [EAX],.text
00401e0c,0000,ADD,byte ptr [EAX],.text
00401e0e,0000,ADD,byte ptr [EAX],.text
00401e10,0000,ADD,byte ptr [EAX],.text
00401e12,0000,ADD,byte ptr [EAX],.text
00401e14,0000,ADD,byte ptr [EAX],.text
00401e16,0000,ADD,byte ptr [EAX],.text
00401e18,0000,ADD,byte ptr [EAX],.text
00401e1a,0000,ADD,byte ptr [EAX],.text
00401e1c,0000,ADD,byte ptr [EAX],.text
00401e1e,0000,ADD,byte ptr [EAX],.text
00401e20,0000,ADD,byte ptr [EAX],.text
00401e22,0000,ADD,byte ptr [EAX],.text
00401e24,0000,ADD,byte ptr [EAX],.text
00401e26,0000,ADD,byte ptr [EAX],.text
00401e28,0000,ADD,byte ptr [EAX],.text
00401e2a,0000,ADD,byte ptr [EAX],.text
00401e2c,0000,ADD,byte ptr [EAX],.text
00401e2e,0000,ADD,byte ptr [EAX],.text
00401e30,0000,ADD,byte ptr [EAX],.text
00401e32,0000,ADD,byte ptr [EAX],.text
00401e34,0000,ADD,byte ptr [EAX],.text
00401e36,0000,ADD,byte ptr [EAX],.text
00401e38,0000,ADD,byte ptr [EAX],.text
00401e3a,0000,ADD,byte ptr [EAX],.text
00401e3c,0000,ADD,byte ptr [EAX],.text
00401e3e,0000,ADD,byte ptr [EAX],.text
00401e40,0000,ADD,byte ptr [EAX],.text
00401e42,0000,ADD,byte ptr [EAX],.text
00401e44,0000,ADD,byte ptr [EAX],.text
00401e46,0000,ADD,byte ptr [EAX],.text
00401e48,0000,ADD,byte ptr [EAX],.text
00401e4a,0000,ADD,byte ptr [EAX],.text
00401e4c,0000,ADD,byte ptr [EAX],.text
00401e4e,0000,ADD,byte ptr [EAX],.text
00401e50,0000,ADD,byte ptr [EAX],.text
00401e52,0000,ADD,byte ptr [EAX],.text
00401e54,0000,ADD,byte ptr [EAX],.text
00401e56,0000,ADD,byte ptr [EAX],.text
00401e58,0000,ADD,byte ptr [EAX],.text
00401e5a,0000,ADD,byte ptr [EAX],.text
00401e5c,0000,ADD,byte ptr [EAX],.text
00401e5e,0000,ADD,byte ptr [EAX],.text
00401e60,0000,ADD,byte ptr [EAX],.text
00401e62,0000,ADD,byte ptr [EAX],.text
00401e64,0000,ADD,byte ptr [EAX],.text
00401e66,0000,ADD,byte ptr [EAX],.text
00401e68,0000,ADD,byte ptr [EAX],.text
00401e6a,0000,ADD,byte ptr [EAX],.text
00401e6c,0000,ADD,byte ptr [EAX],.text
00401e6e,0000,ADD,byte ptr [EAX],.text
00401e70,0000,ADD,byte ptr [EAX],.text
00401e72,0000,ADD,byte ptr [EAX],.text
00401e74,0000,ADD,byte ptr [EAX],.text
00401e76,0000,ADD,byte ptr [EAX],.text
00401e78,0000,ADD,byte ptr [EAX],.text
00401e7a,0000,ADD,byte ptr [EAX],.text
00401e7c,0000,ADD,byte ptr [EAX],.text
00401e7e,0000,ADD,byte ptr [EAX],.text
00401e80,0000,ADD,byte ptr [EAX],.text
00401e82,0000,ADD,byte ptr [EAX],.text
00401e84,0000,ADD,byte ptr [EAX],.text
00401e86,0000,ADD,byte ptr [EAX],.text
00401e88,0000,ADD,byte ptr [EAX],.text
00401e8a,0000,ADD,byte ptr [EAX],.text
00401e8c,0000,ADD,byte ptr [EAX],.text
00401e8e,0000,ADD,byte ptr [EAX],.text
00401e90,0000,ADD,byte ptr [EAX],.text
00401e92,0000,ADD,byte ptr [EAX],.text
00401e94,0000,ADD,byte ptr [EAX],.text
00401e96,0000,ADD,byte ptr [EAX],.text
00401e98,0000,ADD,byte ptr [EAX],.text
00401e9a,0000,ADD,byte ptr [EAX],.text
00401e9c,0000,ADD,byte ptr [EAX],.text
00401e9e,0000,ADD,byte ptr [EAX],.text
00401ea0,0000,ADD,byte ptr [EAX],.text
00401ea2,0000,ADD,byte ptr [EAX],.text
00401ea4,0000,ADD,byte ptr [EAX],.text
00401ea6,0000,ADD,byte ptr [EAX],.text
00401ea8,0000,ADD,byte ptr [EAX],.text
00401eaa,0000,ADD,byte ptr [EAX],.text
00401eac,0000,ADD,byte ptr [EAX],.text
00401eae,0000,ADD,byte ptr [EAX],.text
00401eb0,0000,ADD,byte ptr [EAX],.text
00401eb2,0000,ADD,byte ptr [EAX],.text
00401eb4,0000,ADD,byte ptr [EAX],.text
00401eb6,0000,ADD,byte ptr [EAX],.text
00401eb8,0000,ADD,byte ptr [EAX],.text
00401eba,0000,ADD,byte ptr [EAX],.text
00401ebc,0000,ADD,byte ptr [EAX],.text
00401ebe,0000,ADD,byte ptr [EAX],.text
00401ec0,0000,ADD,byte ptr [EAX],.text
00401ec2,0000,ADD,byte ptr [EAX],.text
00401ec4,0000,ADD,byte ptr [EAX],.text
00401ec6,0000,ADD,byte ptr [EAX],.text
00401ec8,0000,ADD,byte ptr [EAX],.text
00401eca,0000,ADD,byte ptr [EAX],.text
00401ecc,0000,ADD,byte ptr [EAX],.text
00401ece,0000,ADD,byte ptr [EAX],.text
00401ed0,0000,ADD,byte ptr [EAX],.text
00401ed2,0000,ADD,byte ptr [EAX],.text
00401ed4,0000,ADD,byte ptr [EAX],.text
00401ed6,0000,ADD,byte ptr [EAX],.text
00401ed8,0000,ADD,byte ptr [EAX],.text
00401eda,0000,ADD,byte ptr [EAX],.text
00401edc,0000,ADD,byte ptr [EAX],.text
00401ede,0000,ADD,byte ptr [EAX],.text
00401ee0,0000,ADD,byte ptr [EAX],.text
00401ee2,0000,ADD,byte ptr [EAX],.text
00401ee4,0000,ADD,byte ptr [EAX],.text
00401ee6,0000,ADD,byte ptr [EAX],.text
00401ee8,0000,ADD,byte ptr [EAX],.text
00401eea,0000,ADD,byte ptr [EAX],.text
00401eec,0000,ADD,byte ptr [EAX],.text
00401eee,0000,ADD,byte ptr [EAX],.text
00401ef0,0000,ADD,byte ptr [EAX],.text
00401ef2,0000,ADD,byte ptr [EAX],.text
00401ef4,0000,ADD,byte ptr [EAX],.text
00401ef6,0000,ADD,byte ptr [EAX],.text
00401ef8,0000,ADD,byte ptr [EAX],.text
00401efa,0000,ADD,byte ptr [EAX],.text
00401efc,0000,ADD,byte ptr [EAX],.text
00401efe,0000,ADD,byte ptr [EAX],.text
00401f00,0000,ADD,byte ptr [EAX],.text
00401f02,0000,ADD,byte ptr [EAX],.text
00401f04,0000,ADD,byte ptr [EAX],.text
00401f06,0000,ADD,byte ptr [EAX],.text
00401f08,0000,ADD,byte ptr [EAX],.text
00401f0a,0000,ADD,byte ptr [EAX],.text
00401f0c,0000,ADD,byte ptr [EAX],.text
00401f0e,0000,ADD,byte ptr [EAX],.text
00401f10,0000,ADD,byte ptr [EAX],.text
00401f12,0000,ADD,byte ptr [EAX],.text
00401f14,0000,ADD,byte ptr [EAX],.text
00401f16,0000,ADD,byte ptr [EAX],.text
00401f18,0000,ADD,byte ptr [EAX],.text
00401f1a,0000,ADD,byte ptr [EAX],.text
00401f1c,0000,ADD,byte ptr [EAX],.text
00401f1e,0000,ADD,byte ptr [EAX],.text
00401f20,0000,ADD,byte ptr [EAX],.text
00401f22,0000,ADD,byte ptr [EAX],.text
00401f24,0000,ADD,byte ptr [EAX],.text
00401f26,0000,ADD,byte ptr [EAX],.text
00401f28,0000,ADD,byte ptr [EAX],.text
00401f2a,0000,ADD,byte ptr [EAX],.text
00401f2c,0000,ADD,byte ptr [EAX],.text
00401f2e,0000,ADD,byte ptr [EAX],.text
00401f30,0000,ADD,byte ptr [EAX],.text
00401f32,0000,ADD,byte ptr [EAX],.text
00401f34,0000,ADD,byte ptr [EAX],.text
00401f36,0000,ADD,byte ptr [EAX],.text
00401f38,0000,ADD,byte ptr [EAX],.text
00401f3a,0000,ADD,byte ptr [EAX],.text
00401f3c,0000,ADD,byte ptr [EAX],.text
00401f3e,0000,ADD,byte ptr [EAX],.text
00401f40,0000,ADD,byte ptr [EAX],.text
00401f42,0000,ADD,byte ptr [EAX],.text
00401f44,0000,ADD,byte ptr [EAX],.text
00401f46,0000,ADD,byte ptr [EAX],.text
00401f48,0000,ADD,byte ptr [EAX],.text
00401f4a,0000,ADD,byte ptr [EAX],.text
00401f4c,0000,ADD,byte ptr [EAX],.text
00401f4e,0000,ADD,byte ptr [EAX],.text
00401f50,0000,ADD,byte ptr [EAX],.text
00401f52,0000,ADD,byte ptr [EAX],.text
00401f54,0000,ADD,byte ptr [EAX],.text
00401f56,0000,ADD,byte ptr [EAX],.text
00401f58,0000,ADD,byte ptr [EAX],.text
00401f5a,0000,ADD,byte ptr [EAX],.text
00401f5c,0000,ADD,byte ptr [EAX],.text
00401f5e,0000,ADD,byte ptr [EAX],.text
00401f60,0000,ADD,byte ptr [EAX],.text
00401f62,0000,ADD,byte ptr [EAX],.text
00401f64,0000,ADD,byte ptr [EAX],.text
00401f66,0000,ADD,byte ptr [EAX],.text
00401f68,0000,ADD,byte ptr [EAX],.text
00401f6a,0000,ADD,byte ptr [EAX],.text
00401f6c,0000,ADD,byte ptr [EAX],.text
00401f6e,0000,ADD,byte ptr [EAX],.text
00401f70,0000,ADD,byte ptr [EAX],.text
00401f72,0000,ADD,byte ptr [EAX],.text
00401f74,0000,ADD,byte ptr [EAX],.text
00401f76,0000,ADD,byte ptr [EAX],.text
00401f78,0000,ADD,byte ptr [EAX],.text
00401f7a,0000,ADD,byte ptr [EAX],.text
00401f7c,0000,ADD,byte ptr [EAX],.text
00401f7e,0000,ADD,byte ptr [EAX],.text
00401f80,0000,ADD,byte ptr [EAX],.text
00401f82,0000,ADD,byte ptr [EAX],.text
00401f84,0000,ADD,byte ptr [EAX],.text
00401f86,0000,ADD,byte ptr [EAX],.text
00401f88,0000,ADD,byte ptr [EAX],.text
00401f8a,0000,ADD,byte ptr [EAX],.text
00401f8c,0000,ADD,byte ptr [EAX],.text
00401f8e,0000,ADD,byte ptr [EAX],.text
00401f90,0000,ADD,byte ptr [EAX],.text
00401f92,0000,ADD,byte ptr [EAX],.text
00401f94,0000,ADD,byte ptr [EAX],.text
00401f96,0000,ADD,byte ptr [EAX],.text
00401f98,0000,ADD,byte ptr [EAX],.text
00401f9a,0000,ADD,byte ptr [EAX],.text
00401f9c,0000,ADD,byte ptr [EAX],.text
00401f9e,0000,ADD,byte ptr [EAX],.text
00401fa0,0000,ADD,byte ptr [EAX],.text
00401fa2,0000,ADD,byte ptr [EAX],.text
00401fa4,0000,ADD,byte ptr [EAX],.text
00401fa6,0000,ADD,byte ptr [EAX],.text
00401fa8,0000,ADD,byte ptr [EAX],.text
00401faa,0000,ADD,byte ptr [EAX],.text
00401fac,0000,ADD,byte ptr [EAX],.text
00401fae,0000,ADD,byte ptr [EAX],.text
00401fb0,0000,ADD,byte ptr [EAX],.text
00401fb2,0000,ADD,byte ptr [EAX],.text
00401fb4,0000,ADD,byte ptr [EAX],.text
00401fb6,0000,ADD,byte ptr [EAX],.text
00401fb8,0000,ADD,byte ptr [EAX],.text
00401fba,0000,ADD,byte ptr [EAX],.text
00401fbc,0000,ADD,byte ptr [EAX],.text
00401fbe,0000,ADD,byte ptr [EAX],.text
00401fc0,0000,ADD,byte ptr [EAX],.text
00401fc2,0000,ADD,byte ptr [EAX],.text
00401fc4,0000,ADD,byte ptr [EAX],.text
00401fc6,0000,ADD,byte ptr [EAX],.text
00401fc8,0000,ADD,byte ptr [EAX],.text
00401fca,0000,ADD,byte ptr [EAX],.text
00401fcc,0000,ADD,byte ptr [EAX],.text
00401fce,0000,ADD,byte ptr [EAX],.text
00401fd0,0000,ADD,byte ptr [EAX],.text
00401fd2,0000,ADD,byte ptr [EAX],.text
00401fd4,0000,ADD,byte ptr [EAX],.text
00401fd6,0000,ADD,byte ptr [EAX],.text
00401fd8,0000,ADD,byte ptr [EAX],.text
00401fda,0000,ADD,byte ptr [EAX],.text
00401fdc,0000,ADD,byte ptr [EAX],.text
00401fde,0000,ADD,byte ptr [EAX],.text
00401fe0,0000,ADD,byte ptr [EAX],.text
00401fe2,0000,ADD,byte ptr [EAX],.text
00401fe4,0000,ADD,byte ptr [EAX],.text
00401fe6,0000,ADD,byte ptr [EAX],.text
00401fe8,0000,ADD,byte ptr [EAX],.text
00401fea,0000,ADD,byte ptr [EAX],.text
00401fec,0000,ADD,byte ptr [EAX],.text
00401fee,0000,ADD,byte ptr [EAX],.text
00401ff0,0000,ADD,byte ptr [EAX],.text
00401ff2,0000,ADD,byte ptr [EAX],.text
00401ff4,0000,ADD,byte ptr [EAX],.text
00401ff6,0000,ADD,byte ptr [EAX],.text
00401ff8,0000,ADD,byte ptr [EAX],.text
00401ffa,0000,ADD,byte ptr [EAX],.text
00401ffc,0000,ADD,byte ptr [EAX],.text
00401ffe,0000,ADD,byte ptr [EAX],.text
